Workbook

Sheet Rendimientos y Cuadrillas
A1: MATRIZ DE RENDIMIENTOS Y CUADRILLAS DE TRABAJO
A2: PROYECTO VIAL - COMPOSICIÓN DE CUADRILLAS, RENDIMIENTO DIARIO Y RECURSOS (JORNADA DE 8 HRS/DÍA)
A4: Item | B4: Descripción de la Partida | C4: Unid. | D4: Rendimiento Diario (Día) | E4: Capataz (hh) | F4: Operario (hh) | G4: Oficial (hh) | H4: Peón (hh) | I4: Equipos / Maquinaria Principal | J4: N° Cuadrillas Estimadas | K4: Ruta Crítica | L4: Rendimiento Total Efectivo | M4: Personal Equivalente / Día | N4: Observación
A5: 01. TRABAJOS PRELIMINARES
A6: 1.01 | B6: Movilización y desmovilización de equipo | C6: GLB | D6: 1.00 | E6: 1 | F6: 2 | G6: 2 | H6: 4 | I6: Cama baja, Tráiler | J6: 1 | K6: Sí | L6: =VALUE(D6)*J6 -> 1 | M6: =(SUM(E6:H6)/8)*J6 -> 1.125 | O6: =+E6+F6+G6+H6 -> 9
A7: 1.02 | B7: Topografía y georreferenciación | C7: KM/día | D7: 0.50 | E7: 1 | F7: 1 | G7: 1 | H7: 2 | I7: Estación Total, GPS Diferencial | J7: 1 | K7: Sí | L7: =VALUE(D7)*J7 -> 0.5 | M7: =(SUM(E7:H7)/8)*J7 -> 0.625 | O7: =+E7+F7+G7+H7 -> 5
A8: 1.03 | B8: Mantenimiento de tránsito y seg. vial | C8: MES | D8: 1.00 | E8: 0.1 | F8: 0 | G8: 1 | H8: 2 | I8: Camioneta, Señalización temporal | J8: 1 | K8: Sí | L8: =VALUE(D8)*J8 -> 1 | M8: =(SUM(E8:H8)/8)*J8 -> 0.3875 | O8: =+E8+F8+G8+H8 -> 3.1
A9: 1.04 | B9: Campamento y patio de máquinas | C9: M2/día | D9: 50.00 | E9: 0.2 | F9: 1 | G9: 1 | H9: 4 | I9: Herramientas manuales, Camión | J9: 1 | K9: No | L9: =VALUE(D9)*J9 -> 50 | M9: =(SUM(E9:H9)/8)*J9 -> 0.775 | O9: =+E9+F9+G9+H9 -> 6.2
A10: 1.05 | B10: Cartel de obra 2.40 x 3.60 m | C10: UND/día | D10: 1.00 | E10: 0.2 | F10: 1 | G10: 1 | H10: 2 | I10: Herramientas manuales | J10: 1 | K10: No | L10: =VALUE(D10)*J10 -> 1 | M10: =(SUM(E10:H10)/8)*J10 -> 0.525 | O10: =+E10+F10+G10+H10 -> 4.2
A11: 02. MOVIMIENTO DE TIERRAS | O11: =+E11+F11+G11+H11 -> 0
A12: 2.01 | B12: Desbroce y limpieza en zonas no boscosas | C12: HA/día | D12: 0.25 | E12: 0.5 | F12: 1 | G12: 0 | H12: 2 | I12: Tractor de Orugas D8T, Cargador | J12: 1 | K12: Sí | L12: =VALUE(D12)*J12 -> 0.25 | M12: =(SUM(E12:H12)/8)*J12 -> 0.4375 | O12: =+E12+F12+G12+H12 -> 3.5
A13: 2.02 | B13: Excavación en tierra suelta | C13: M3/día | D13: 750.00 | E13: 1 | F13: 2 | G13: 1 | H13: 2 | I13: Excavadora 220HP, 4 Camiones Volquete 15m3 | J13: 1 | K13: Sí | L13: =VALUE(D13)*J13 -> 750 | M13: =(SUM(E13:H13)/8)*J13 -> 0.75 | O13: =+E13+F13+G13+H13 -> 6
A14: 2.03 | B14: Excavación en roca suelta | C14: M3/día | D14: 400.00 | E14: 1 | F14: 2 | G14: 1 | H14: 2 | I14: Excavadora c/ Martillo, Volquetes | J14: 1 | K14: Sí | L14: =VALUE(D14)*J14 -> 400 | M14: =(SUM(E14:H14)/8)*J14 -> 0.75 | O14: =+E14+F14+G14+H14 -> 6
A15: 2.04 | B15: Excavación en roca fija | C15: M3/día | D15: 112854.85 | E15: 1 | F15: 3 | G15: 2 | H15: 4 | I15: Compresora, Perforadora, Volquetes | J15: 6 | K15: Sí | L15: =VALUE(D15)*J15 -> 677129.1 | M15: =(SUM(E15:H15)/8)*J15 -> 7.5 | N15: Recalculado por volumen 112,854.85 m³, 14 días de retraso y 75% de eficiencia. Rendimiento por cuadrilla = 187.50 m³/día; 6 cuadrillas; capacidad total = 1,125 m³/día; personal equivalente = 7.5 personas/día. | O15: =+E15+F15+G15+H15 -> 10
A16: 2.05 | B16: Terraplenes con material propio | C16: M3/día | D16: 450.00 | E16: 0.5 | F16: 2 | G16: 1 | H16: 2 | I16: Motoniveladora, Rodillo 10T, Camión Cister. | J16: 1 | K16: No | L16: =VALUE(D16)*J16 -> 450 | M16: =(SUM(E16:H16)/8)*J16 -> 0.6875 | O16: =+E16+F16+G16+H16 -> 5.5
A17: 2.06 | B17: Terraplenes con material de cantera | C17: M3/día | D17: 350.00 | E17: 0.5 | F17: 2 | G17: 1 | H17: 2 | I17: Cargador, Motoniveladora, Rodillo, Volquetes | J17: 1 | K17: No | L17: =VALUE(D17)*J17 -> 350 | M17: =(SUM(E17:H17)/8)*J17 -> 0.6875 | O17: =+E17+F17+G17+H17 -> 5.5
A18: 2.07 | B18: Mejoramiento a nivel de subrasante | C18: M2/día | D18: 2100.00 | E18: 0.5 | F18: 2 | G18: 1 | H18: 2 | I18: Motoniveladora, Rodillo, Cister. | J18: 1 | K18: No | L18: =VALUE(D18)*J18 -> 2100 | M18: =(SUM(E18:H18)/8)*J18 -> 0.6875 | O18: =+E18+F18+G18+H18 -> 5.5
A19: 2.08 | B19: Conformación y acomodo de DME | C19: M3/día | D19: 550.00 | E19: 0.2 | F19: 1 | G19: 0 | H19: 1 | I19: Tractor de Orugas, Motoniveladora | J19: 1 | K19: No | L19: =VALUE(D19)*J19 -> 550 | M19: =(SUM(E19:H19)/8)*J19 -> 0.275 | O19: =+E19+F19+G19+H19 -> 2.2
A20: 2.09 | B20: Perfilado y compactado en zonas de corte | C20: M2/día | D20: 1850.00 | E20: 0.5 | F20: 2 | G20: 1 | H20: 2 | I20: Motoniveladora, Rodillo Lisa 10T | J20: 1 | K20: Sí | L20: =VALUE(D20)*J20 -> 1850 | M20: =(SUM(E20:H20)/8)*J20 -> 0.6875 | O20: =+E20+F20+G20+H20 -> 5.5
A21: 03. SUBBASES Y BASES | O21: =+E21+F21+G21+H21 -> 0
A22: 3.01 | B22: Subbase Granular (e=0.20 m) | C22: M3/día | D22: 550.00 | E22: 1 | F22: 2 | G22: 1 | H22: 3 | I22: Motoniveladora, Rodillo 12T, Cister., Volquetes | J22: 1 | K22: Sí | L22: =VALUE(D22)*J22 -> 550 | M22: =(SUM(E22:H22)/8)*J22 -> 0.875 | O22: =+E22+F22+G22+H22 -> 7
A23: 3.02 | B23: Base Granular (e=0.20 m) | C23: M3/día | D23: 600.00 | E23: 1 | F23: 2 | G23: 1 | H23: 3 | I23: Motoniveladora, Rodillo 12T, Cister., Volquetes | J23: 1 | K23: Sí | L23: =VALUE(D23)*J23 -> 600 | M23: =(SUM(E23:H23)/8)*J23 -> 0.875 | O23: =+E23+F23+G23+H23 -> 7
A24: 3.03 | B24: Instalación de planta de asfalto y chancadora | C24: GLB | D24: 1.00 | E24: 1 | F24: 4 | G24: 4 | H24: 6 | I24: Grúa 30T, Herramientas especiales | J24: 1 | K24: No | L24: =VALUE(D24)*J24 -> 1 | M24: =(SUM(E24:H24)/8)*J24 -> 1.875 | O24: =+E24+F24+G24+H24 -> 15
A25: 04. PAVIMENTOS FLEXIBLES | O25: =+E25+F25+G25+H25 -> 0
A26: 4.01 | B26: Imprimación Asfáltica | C26: M2/día | D26: 7500.00 | E26: 0.5 | F26: 1 | G26: 1 | H26: 3 | I26: Camión Imprimador / Cisterna de Asfalto | J26: 1 | K26: Sí | L26: =VALUE(D26)*J26 -> 7500 | M26: =(SUM(E26:H26)/8)*J26 -> 0.6875 | O26: =+E26+F26+G26+H26 -> 5.5
A27: 4.02 | B27: Riego de Liga | C27: M2/día | D27: 10000.00 | E27: 0.5 | F27: 1 | G27: 1 | H27: 2 | I27: Camión Imprimador | J27: 1 | K27: No | L27: =VALUE(D27)*J27 -> 10000 | M27: =(SUM(E27:H27)/8)*J27 -> 0.5625 | O27: =+E27+F27+G27+H27 -> 4.5
A28: 4.03 | B28: Pavimento de concreto asfáltico en caliente | C28: M2/día | D28: 2000.00 | E28: 1 | F28: 4 | G28: 2 | H28: 5 | I28: Pavimentadora (Finisher), Rodillo Neumático, Rodillo Tándem | J28: 1 | K28: Sí | L28: =VALUE(D28)*J28 -> 2000 | M28: =(SUM(E28:H28)/8)*J28 -> 1.5 | O28: =+E28+F28+G28+H28 -> 12
A29: 4.04 | B29: Cemento Asfáltico Modificado con Polímeros | C29: GLN/día | D29: 600.00 | E29: 0.2 | F29: 1 | G29: 1 | H29: 2 | I29: Planta de Asfalto / Tanque de Almacenamiento | J29: 1 | K29: Sí | L29: =VALUE(D29)*J29 -> 600 | M29: =(SUM(E29:H29)/8)*J29 -> 0.525 | O29: =+E29+F29+G29+H29 -> 4.2
B35: ENCOFRADO Y DESEM | C35: M2 | D35: 10 | E35: 10 | K35: 5
B36: DESCONFRADO | E36: 10

Sheet Histograma 720 dias
A1: HISTOGRAMA DE PERSONAL – PROYECTO VIAL (720 DÍAS / 24 MESES)
A3: PARÁMETROS | B3: Valor | C3: Unidad | D3: Observación
A4: Duración total del proyecto | B4: 720 | C4: días | D4: Dato solicitado
A5: Mes equivalente | B5: 30 | C5: días/mes | D5: 720 / 30 = 24 meses
A6: Número de meses | C6: meses | D6: Calculado
A8: Item | B8: Descripción | C8: Rendimiento diario | D8: Unidad | E8: HH cuadrilla/día | F8: N° cuadrillas | G8: Personal equiv./día | H8: Mes inicio | I8: Mes fin | J8: Mes 1 | K8: Mes 2 | L8: Mes 3 | M8: Mes 4 | N8: Mes 5 | O8: Mes 6 | P8: Mes 7 | Q8: Mes 8 | R8: Mes 9 | S8: Mes 10 | T8: Mes 11 | U8: Mes 12 | V8: Mes 13 | W8: Mes 14 | X8: Mes 15 | Y8: Mes 16 | Z8: Mes 17 | AA8: Mes 18 | AB8: Mes 19 | AC8: Mes 20 | AD8: Mes 21 | AE8: Mes 22 | AF8: Mes 23 | AG8: Mes 24 | AH8: HH-mes acum. | AI8: Volumen roca fija | AJ8: Rend. total efectivo | AK8: Días requeridos | AL8: Inicio real | AM8: Fin recalculado
A9: ='Rendimientos y Cuadrillas'!A6 -> 1.01 | B9: ='Rendimientos y Cuadrillas'!B6 -> Movilización y desmovilización de equipo | C9: =VALUE('Rendimientos y Cuadrillas'!D6) -> 1 | D9: ='Rendimientos y Cuadrillas'!C6 -> GLB | E9: =SUM('Rendimientos y Cuadrillas'!E6:H6) -> 9 | F9: ='Rendimientos y Cuadrillas'!J6 -> 1 | G9: =E9/8*F9 -> 1.125 | H9: 1 | I9: 1 | J9: =IF(AND(1>=$H9,1<=$I9),$G9,0) -> 1.125 | K9: =IF(AND(2>=$H9,2<=$I9),$G9,0) -> 0 | L9: =IF(AND(3>=$H9,3<=$I9),$G9,0) -> 0 | M9: =IF(AND(4>=$H9,4<=$I9),$G9,0) -> 0 | N9: =IF(AND(5>=$H9,5<=$I9),$G9,0) -> 0 | O9: =IF(AND(6>=$H9,6<=$I9),$G9,0) -> 0 | P9: =IF(AND(7>=$H9,7<=$I9),$G9,0) -> 0 | Q9: =IF(AND(8>=$H9,8<=$I9),$G9,0) -> 0 | R9: =IF(AND(9>=$H9,9<=$I9),$G9,0) -> 0 | S9: =IF(AND(10>=$H9,10<=$I9),$G9,0) -> 0 | T9: =IF(AND(11>=$H9,11<=$I9),$G9,0) -> 0 | U9: =IF(AND(12>=$H9,12<=$I9),$G9,0) -> 0 | V9: =IF(AND(13>=$H9,13<=$I9),$G9,0) -> 0 | W9: =IF(AND(14>=$H9,14<=$I9),$G9,0) -> 0 | X9: =IF(AND(15>=$H9,15<=$I9),$G9,0) -> 0 | Y9: =IF(AND(16>=$H9,16<=$I9),$G9,0) -> 0 | Z9: =IF(AND(17>=$H9,17<=$I9),$G9,0) -> 0 | AA9: =IF(AND(18>=$H9,18<=$I9),$G9,0) -> 0 | AB9: =IF(AND(19>=$H9,19<=$I9),$G9,0) -> 0 | AC9: =IF(AND(20>=$H9,20<=$I9),$G9,0) -> 0 | AD9: =IF(AND(21>=$H9,21<=$I9),$G9,0) -> 0 | AE9: =IF(AND(22>=$H9,22<=$I9),$G9,0) -> 0 | AF9: =IF(AND(23>=$H9,23<=$I9),$G9,0) -> 0 | AG9: =IF(AND(24>=$H9,24<=$I9),$G9,0) -> 0 | AH9: =SUM(J9:AG9)*8*$B$5 -> 270
A10: ='Rendimientos y Cuadrillas'!A7 -> 1.02 | B10: ='Rendimientos y Cuadrillas'!B7 -> Topografía y georreferenciación | C10: =VALUE('Rendimientos y Cuadrillas'!D7) -> 0.5 | D10: ='Rendimientos y Cuadrillas'!C7 -> KM/día | E10: =SUM('Rendimientos y Cuadrillas'!E7:H7) -> 5 | F10: ='Rendimientos y Cuadrillas'!J7 -> 1 | G10: =E10/8*F10 -> 0.625 | H10: 1 | I10: 24 | J10: =IF(AND(1>=$H10,1<=$I10),$G10,0) -> 0.625 | K10: =IF(AND(2>=$H10,2<=$I10),$G10,0) -> 0.625 | L10: =IF(AND(3>=$H10,3<=$I10),$G10,0) -> 0.625 | M10: =IF(AND(4>=$H10,4<=$I10),$G10,0) -> 0.625 | N10: =IF(AND(5>=$H10,5<=$I10),$G10,0) -> 0.625 | O10: =IF(AND(6>=$H10,6<=$I10),$G10,0) -> 0.625 | P10: =IF(AND(7>=$H10,7<=$I10),$G10,0) -> 0.625 | Q10: =IF(AND(8>=$H10,8<=$I10),$G10,0) -> 0.625 | R10: =IF(AND(9>=$H10,9<=$I10),$G10,0) -> 0.625 | S10: =IF(AND(10>=$H10,10<=$I10),$G10,0) -> 0.625 | T10: =IF(AND(11>=$H10,11<=$I10),$G10,0) -> 0.625 | U10: =IF(AND(12>=$H10,12<=$I10),$G10,0) -> 0.625 | V10: =IF(AND(13>=$H10,13<=$I10),$G10,0) -> 0.625 | W10: =IF(AND(14>=$H10,14<=$I10),$G10,0) -> 0.625 | X10: =IF(AND(15>=$H10,15<=$I10),$G10,0) -> 0.625 | Y10: =IF(AND(16>=$H10,16<=$I10),$G10,0) -> 0.625 | Z10: =IF(AND(17>=$H10,17<=$I10),$G10,0) -> 0.625 | AA10: =IF(AND(18>=$H10,18<=$I10),$G10,0) -> 0.625 | AB10: =IF(AND(19>=$H10,19<=$I10),$G10,0) -> 0.625 | AC10: =IF(AND(20>=$H10,20<=$I10),$G10,0) -> 0.625 | AD10: =IF(AND(21>=$H10,21<=$I10),$G10,0) -> 0.625 | AE10: =IF(AND(22>=$H10,22<=$I10),$G10,0) -> 0.625 | AF10: =IF(AND(23>=$H10,23<=$I10),$G10,0) -> 0.625 | AG10: =IF(AND(24>=$H10,24<=$I10),$G10,0) -> 0.625 | AH10: =SUM(J10:AG10)*8*$B$5 -> 3600
A11: ='Rendimientos y Cuadrillas'!A8 -> 1.03 | B11: ='Rendimientos y Cuadrillas'!B8 -> Mantenimiento de tránsito y seg. vial | C11: =VALUE('Rendimientos y Cuadrillas'!D8) -> 1 | D11: ='Rendimientos y Cuadrillas'!C8 -> MES | E11: =SUM('Rendimientos y Cuadrillas'!E8:H8) -> 3.1 | F11: ='Rendimientos y Cuadrillas'!J8 -> 1 | G11: =E11/8*F11 -> 0.3875 | H11: 1 | I11: 24 | J11: =IF(AND(1>=$H11,1<=$I11),$G11,0) -> 0.3875 | K11: =IF(AND(2>=$H11,2<=$I11),$G11,0) -> 0.3875 | L11: =IF(AND(3>=$H11,3<=$I11),$G11,0) -> 0.3875 | M11: =IF(AND(4>=$H11,4<=$I11),$G11,0) -> 0.3875 | N11: =IF(AND(5>=$H11,5<=$I11),$G11,0) -> 0.3875 | O11: =IF(AND(6>=$H11,6<=$I11),$G11,0) -> 0.3875 | P11: =IF(AND(7>=$H11,7<=$I11),$G11,0) -> 0.3875 | Q11: =IF(AND(8>=$H11,8<=$I11),$G11,0) -> 0.3875 | R11: =IF(AND(9>=$H11,9<=$I11),$G11,0) -> 0.3875 | S11: =IF(AND(10>=$H11,10<=$I11),$G11,0) -> 0.3875 | T11: =IF(AND(11>=$H11,11<=$I11),$G11,0) -> 0.3875 | U11: =IF(AND(12>=$H11,12<=$I11),$G11,0) -> 0.3875 | V11: =IF(AND(13>=$H11,13<=$I11),$G11,0) -> 0.3875 | W11: =IF(AND(14>=$H11,14<=$I11),$G11,0) -> 0.3875 | X11: =IF(AND(15>=$H11,15<=$I11),$G11,0) -> 0.3875 | Y11: =IF(AND(16>=$H11,16<=$I11),$G11,0) -> 0.3875 | Z11: =IF(AND(17>=$H11,17<=$I11),$G11,0) -> 0.3875 | AA11: =IF(AND(18>=$H11,18<=$I11),$G11,0) -> 0.3875 | AB11: =IF(AND(19>=$H11,19<=$I11),$G11,0) -> 0.3875 | AC11: =IF(AND(20>=$H11,20<=$I11),$G11,0) -> 0.3875 | AD11: =IF(AND(21>=$H11,21<=$I11),$G11,0) -> 0.3875 | AE11: =IF(AND(22>=$H11,22<=$I11),$G11,0) -> 0.3875 | AF11: =IF(AND(23>=$H11,23<=$I11),$G11,0) -> 0.3875 | AG11: =IF(AND(24>=$H11,24<=$I11),$G11,0) -> 0.3875 | AH11: =SUM(J11:AG11)*8*$B$5 -> 2232
A12: ='Rendimientos y Cuadrillas'!A9 -> 1.04 | B12: ='Rendimientos y Cuadrillas'!B9 -> Campamento y patio de máquinas | C12: =VALUE('Rendimientos y Cuadrillas'!D9) -> 50 | D12: ='Rendimientos y Cuadrillas'!C9 -> M2/día | E12: =SUM('Rendimientos y Cuadrillas'!E9:H9) -> 6.2 | F12: ='Rendimientos y Cuadrillas'!J9 -> 1 | G12: =E12/8*F12 -> 0.775 | H12: 1 | I12: 2 | J12: =IF(AND(1>=$H12,1<=$I12),$G12,0) -> 0.775 | K12: =IF(AND(2>=$H12,2<=$I12),$G12,0) -> 0.775 | L12: =IF(AND(3>=$H12,3<=$I12),$G12,0) -> 0 | M12: =IF(AND(4>=$H12,4<=$I12),$G12,0) -> 0 | N12: =IF(AND(5>=$H12,5<=$I12),$G12,0) -> 0 | O12: =IF(AND(6>=$H12,6<=$I12),$G12,0) -> 0 | P12: =IF(AND(7>=$H12,7<=$I12),$G12,0) -> 0 | Q12: =IF(AND(8>=$H12,8<=$I12),$G12,0) -> 0 | R12: =IF(AND(9>=$H12,9<=$I12),$G12,0) -> 0 | S12: =IF(AND(10>=$H12,10<=$I12),$G12,0) -> 0 | T12: =IF(AND(11>=$H12,11<=$I12),$G12,0) -> 0 | U12: =IF(AND(12>=$H12,12<=$I12),$G12,0) -> 0 | V12: =IF(AND(13>=$H12,13<=$I12),$G12,0) -> 0 | W12: =IF(AND(14>=$H12,14<=$I12),$G12,0) -> 0 | X12: =IF(AND(15>=$H12,15<=$I12),$G12,0) -> 0 | Y12: =IF(AND(16>=$H12,16<=$I12),$G12,0) -> 0 | Z12: =IF(AND(17>=$H12,17<=$I12),$G12,0) -> 0 | AA12: =IF(AND(18>=$H12,18<=$I12),$G12,0) -> 0 | AB12: =IF(AND(19>=$H12,19<=$I12),$G12,0) -> 0 | AC12: =IF(AND(20>=$H12,20<=$I12),$G12,0) -> 0 | AD12: =IF(AND(21>=$H12,21<=$I12),$G12,0) -> 0 | AE12: =IF(AND(22>=$H12,22<=$I12),$G12,0) -> 0 | AF12: =IF(AND(23>=$H12,23<=$I12),$G12,0) -> 0 | AG12: =IF(AND(24>=$H12,24<=$I12),$G12,0) -> 0 | AH12: =SUM(J12:AG12)*8*$B$5 -> 372
A13: ='Rendimientos y Cuadrillas'!A10 -> 1.05 | B13: ='Rendimientos y Cuadrillas'!B10 -> Cartel de obra 2.40 x 3.60 m | C13: =VALUE('Rendimientos y Cuadrillas'!D10) -> 1 | D13: ='Rendimientos y Cuadrillas'!C10 -> UND/día | E13: =SUM('Rendimientos y Cuadrillas'!E10:H10) -> 4.2 | F13: ='Rendimientos y Cuadrillas'!J10 -> 1 | G13: =E13/8*F13 -> 0.525 | H13: 1 | I13: 1 | J13: =IF(AND(1>=$H13,1<=$I13),$G13,0) -> 0.525 | K13: =IF(AND(2>=$H13,2<=$I13),$G13,0) -> 0 | L13: =IF(AND(3>=$H13,3<=$I13),$G13,0) -> 0 | M13: =IF(AND(4>=$H13,4<=$I13),$G13,0) -> 0 | N13: =IF(AND(5>=$H13,5<=$I13),$G13,0) -> 0 | O13: =IF(AND(6>=$H13,6<=$I13),$G13,0) -> 0 | P13: =IF(AND(7>=$H13,7<=$I13),$G13,0) -> 0 | Q13: =IF(AND(8>=$H13,8<=$I13),$G13,0) -> 0 | R13: =IF(AND(9>=$H13,9<=$I13),$G13,0) -> 0 | S13: =IF(AND(10>=$H13,10<=$I13),$G13,0) -> 0 | T13: =IF(AND(11>=$H13,11<=$I13),$G13,0) -> 0 | U13: =IF(AND(12>=$H13,12<=$I13),$G13,0) -> 0 | V13: =IF(AND(13>=$H13,13<=$I13),$G13,0) -> 0 | W13: =IF(AND(14>=$H13,14<=$I13),$G13,0) -> 0 | X13: =IF(AND(15>=$H13,15<=$I13),$G13,0) -> 0 | Y13: =IF(AND(16>=$H13,16<=$I13),$G13,0) -> 0 | Z13: =IF(AND(17>=$H13,17<=$I13),$G13,0) -> 0 | AA13: =IF(AND(18>=$H13,18<=$I13),$G13,0) -> 0 | AB13: =IF(AND(19>=$H13,19<=$I13),$G13,0) -> 0 | AC13: =IF(AND(20>=$H13,20<=$I13),$G13,0) -> 0 | AD13: =IF(AND(21>=$H13,21<=$I13),$G13,0) -> 0 | AE13: =IF(AND(22>=$H13,22<=$I13),$G13,0) -> 0 | AF13: =IF(AND(23>=$H13,23<=$I13),$G13,0) -> 0 | AG13: =IF(AND(24>=$H13,24<=$I13),$G13,0) -> 0 | AH13: =SUM(J13:AG13)*8*$B$5 -> 126
A14: ='Rendimientos y Cuadrillas'!A12 -> 2.01 | B14: ='Rendimientos y Cuadrillas'!B12 -> Desbroce y limpieza en zonas no boscosas | C14: =VALUE('Rendimientos y Cuadrillas'!D12) -> 0.25 | D14: ='Rendimientos y Cuadrillas'!C12 -> HA/día | E14: =SUM('Rendimientos y Cuadrillas'!E12:H12) -> 3.5 | F14: ='Rendimientos y Cuadrillas'!J12 -> 1 | G14: =E14/8*F14 -> 0.4375 | H14: 2 | I14: 3 | J14: =IF(AND(1>=$H14,1<=$I14),$G14,0) -> 0 | K14: =IF(AND(2>=$H14,2<=$I14),$G14,0) -> 0.4375 | L14: =IF(AND(3>=$H14,3<=$I14),$G14,0) -> 0.4375 | M14: =IF(AND(4>=$H14,4<=$I14),$G14,0) -> 0 | N14: =IF(AND(5>=$H14,5<=$I14),$G14,0) -> 0 | O14: =IF(AND(6>=$H14,6<=$I14),$G14,0) -> 0 | P14: =IF(AND(7>=$H14,7<=$I14),$G14,0) -> 0 | Q14: =IF(AND(8>=$H14,8<=$I14),$G14,0) -> 0 | R14: =IF(AND(9>=$H14,9<=$I14),$G14,0) -> 0 | S14: =IF(AND(10>=$H14,10<=$I14),$G14,0) -> 0 | T14: =IF(AND(11>=$H14,11<=$I14),$G14,0) -> 0 | U14: =IF(AND(12>=$H14,12<=$I14),$G14,0) -> 0 | V14: =IF(AND(13>=$H14,13<=$I14),$G14,0) -> 0 | W14: =IF(AND(14>=$H14,14<=$I14),$G14,0) -> 0 | X14: =IF(AND(15>=$H14,15<=$I14),$G14,0) -> 0 | Y14: =IF(AND(16>=$H14,16<=$I14),$G14,0) -> 0 | Z14: =IF(AND(17>=$H14,17<=$I14),$G14,0) -> 0 | AA14: =IF(AND(18>=$H14,18<=$I14),$G14,0) -> 0 | AB14: =IF(AND(19>=$H14,19<=$I14),$G14,0) -> 0 | AC14: =IF(AND(20>=$H14,20<=$I14),$G14,0) -> 0 | AD14: =IF(AND(21>=$H14,21<=$I14),$G14,0) -> 0 | AE14: =IF(AND(22>=$H14,22<=$I14),$G14,0) -> 0 | AF14: =IF(AND(23>=$H14,23<=$I14),$G14,0) -> 0 | AG14: =IF(AND(24>=$H14,24<=$I14),$G14,0) -> 0 | AH14: =SUM(J14:AG14)*8*$B$5 -> 210
A15: ='Rendimientos y Cuadrillas'!A13 -> 2.02 | B15: ='Rendimientos y Cuadrillas'!B13 -> Excavación en tierra suelta | C15: =VALUE('Rendimientos y Cuadrillas'!D13) -> 750 | D15: ='Rendimientos y Cuadrillas'!C13 -> M3/día | E15: =SUM('Rendimientos y Cuadrillas'!E13:H13) -> 6 | F15: ='Rendimientos y Cuadrillas'!J13 -> 1 | G15: =E15/8*F15 -> 0.75 | H15: 3 | I15: 7 | J15: =IF(AND(1>=$H15,1<=$I15),$G15,0) -> 0 | K15: =IF(AND(2>=$H15,2<=$I15),$G15,0) -> 0 | L15: =IF(AND(3>=$H15,3<=$I15),$G15,0) -> 0.75 | M15: =IF(AND(4>=$H15,4<=$I15),$G15,0) -> 0.75 | N15: =IF(AND(5>=$H15,5<=$I15),$G15,0) -> 0.75 | O15: =IF(AND(6>=$H15,6<=$I15),$G15,0) -> 0.75 | P15: =IF(AND(7>=$H15,7<=$I15),$G15,0) -> 0.75 | Q15: =IF(AND(8>=$H15,8<=$I15),$G15,0) -> 0 | R15: =IF(AND(9>=$H15,9<=$I15),$G15,0) -> 0 | S15: =IF(AND(10>=$H15,10<=$I15),$G15,0) -> 0 | T15: =IF(AND(11>=$H15,11<=$I15),$G15,0) -> 0 | U15: =IF(AND(12>=$H15,12<=$I15),$G15,0) -> 0 | V15: =IF(AND(13>=$H15,13<=$I15),$G15,0) -> 0 | W15: =IF(AND(14>=$H15,14<=$I15),$G15,0) -> 0 | X15: =IF(AND(15>=$H15,15<=$I15),$G15,0) -> 0 | Y15: =IF(AND(16>=$H15,16<=$I15),$G15,0) -> 0 | Z15: =IF(AND(17>=$H15,17<=$I15),$G15,0) -> 0 | AA15: =IF(AND(18>=$H15,18<=$I15),$G15,0) -> 0 | AB15: =IF(AND(19>=$H15,19<=$I15),$G15,0) -> 0 | AC15: =IF(AND(20>=$H15,20<=$I15),$G15,0) -> 0 | AD15: =IF(AND(21>=$H15,21<=$I15),$G15,0) -> 0 | AE15: =IF(AND(22>=$H15,22<=$I15),$G15,0) -> 0 | AF15: =IF(AND(23>=$H15,23<=$I15),$G15,0) -> 0 | AG15: =IF(AND(24>=$H15,24<=$I15),$G15,0) -> 0 | AH15: =SUM(J15:AG15)*8*$B$5 -> 900
A16: ='Rendimientos y Cuadrillas'!A14 -> 2.03 | B16: ='Rendimientos y Cuadrillas'!B14 -> Excavación en roca suelta | C16: =VALUE('Rendimientos y Cuadrillas'!D14) -> 400 | D16: ='Rendimientos y Cuadrillas'!C14 -> M3/día | E16: =SUM('Rendimientos y Cuadrillas'!E14:H14) -> 6 | F16: ='Rendimientos y Cuadrillas'!J14 -> 1 | G16: =E16/8*F16 -> 0.75 | H16: 4 | I16: 7 | J16: =IF(AND(1>=$H16,1<=$I16),$G16,0) -> 0 | K16: =IF(AND(2>=$H16,2<=$I16),$G16,0) -> 0 | L16: =IF(AND(3>=$H16,3<=$I16),$G16,0) -> 0 | M16: =IF(AND(4>=$H16,4<=$I16),$G16,0) -> 0.75 | N16: =IF(AND(5>=$H16,5<=$I16),$G16,0) -> 0.75 | O16: =IF(AND(6>=$H16,6<=$I16),$G16,0) -> 0.75 | P16: =IF(AND(7>=$H16,7<=$I16),$G16,0) -> 0.75 | Q16: =IF(AND(8>=$H16,8<=$I16),$G16,0) -> 0 | R16: =IF(AND(9>=$H16,9<=$I16),$G16,0) -> 0 | S16: =IF(AND(10>=$H16,10<=$I16),$G16,0) -> 0 | T16: =IF(AND(11>=$H16,11<=$I16),$G16,0) -> 0 | U16: =IF(AND(12>=$H16,12<=$I16),$G16,0) -> 0 | V16: =IF(AND(13>=$H16,13<=$I16),$G16,0) -> 0 | W16: =IF(AND(14>=$H16,14<=$I16),$G16,0) -> 0 | X16: =IF(AND(15>=$H16,15<=$I16),$G16,0) -> 0 | Y16: =IF(AND(16>=$H16,16<=$I16),$G16,0) -> 0 | Z16: =IF(AND(17>=$H16,17<=$I16),$G16,0) -> 0 | AA16: =IF(AND(18>=$H16,18<=$I16),$G16,0) -> 0 | AB16: =IF(AND(19>=$H16,19<=$I16),$G16,0) -> 0 | AC16: =IF(AND(20>=$H16,20<=$I16),$G16,0) -> 0 | AD16: =IF(AND(21>=$H16,21<=$I16),$G16,0) -> 0 | AE16: =IF(AND(22>=$H16,22<=$I16),$G16,0) -> 0 | AF16: =IF(AND(23>=$H16,23<=$I16),$G16,0) -> 0 | AG16: =IF(AND(24>=$H16,24<=$I16),$G16,0) -> 0 | AH16: =SUM(J16:AG16)*8*$B$5 -> 720
A17: ='Rendimientos y Cuadrillas'!A15 -> 2.04 | B17: ='Rendimientos y Cuadrillas'!B15 -> Excavación en roca fija | C17: =VALUE('Rendimientos y Cuadrillas'!D15) -> 112854.85 | D17: ='Rendimientos y Cuadrillas'!C15 -> M3/día | E17: =SUM('Rendimientos y Cuadrillas'!E15:H15) -> 10 | F17: ='Rendimientos y Cuadrillas'!J15 -> 6 | G17: =(E17/8)*F17 -> 7.5 | H17: 5 | I17: 8 | J17: 0 | K17: 0 | L17: 0 | M17: 0 | N17: =G17*(16/30) -> 4 | O17: =G17 -> 7.5 | P17: =G17 -> 7.5 | Q17: =G17*(25/30) -> 6.25 | R17: 0 | S17: 0 | T17: 0 | U17: 0 | V17: 0 | W17: 0 | X17: 0 | Y17: 0 | Z17: 0 | AA17: 0 | AB17: 0 | AC17: 0 | AD17: 0 | AE17: 0 | AF17: 0 | AG17: 0 | AH17: =SUM(J17:AG17)*8*$B$5 -> 6060 | AI17: 112854.85 | AJ17: =C17*F17 -> 677129.1 | AK17: =ROUNDUP(AI17/AJ17,0) -> 1 | AL17: 46425 | AM17: =AL17+AK17-1 -> 46425
A18: ='Rendimientos y Cuadrillas'!A16 -> 2.05 | B18: ='Rendimientos y Cuadrillas'!B16 -> Terraplenes con material propio | C18: =VALUE('Rendimientos y Cuadrillas'!D16) -> 450 | D18: ='Rendimientos y Cuadrillas'!C16 -> M3/día | E18: =SUM('Rendimientos y Cuadrillas'!E16:H16) -> 5.5 | F18: ='Rendimientos y Cuadrillas'!J16 -> 1 | G18: =E18/8*F18 -> 0.6875 | H18: 6 | I18: 10 | J18: =IF(AND(1>=$H18,1<=$I18),$G18,0) -> 0 | K18: =IF(AND(2>=$H18,2<=$I18),$G18,0) -> 0 | L18: =IF(AND(3>=$H18,3<=$I18),$G18,0) -> 0 | M18: =IF(AND(4>=$H18,4<=$I18),$G18,0) -> 0 | N18: =IF(AND(5>=$H18,5<=$I18),$G18,0) -> 0 | O18: =IF(AND(6>=$H18,6<=$I18),$G18,0) -> 0.6875 | P18: =IF(AND(7>=$H18,7<=$I18),$G18,0) -> 0.6875 | Q18: =IF(AND(8>=$H18,8<=$I18),$G18,0) -> 0.6875 | R18: =IF(AND(9>=$H18,9<=$I18),$G18,0) -> 0.6875 | S18: =IF(AND(10>=$H18,10<=$I18),$G18,0) -> 0.6875 | T18: =IF(AND(11>=$H18,11<=$I18),$G18,0) -> 0 | U18: =IF(AND(12>=$H18,12<=$I18),$G18,0) -> 0 | V18: =IF(AND(13>=$H18,13<=$I18),$G18,0) -> 0 | W18: =IF(AND(14>=$H18,14<=$I18),$G18,0) -> 0 | X18: =IF(AND(15>=$H18,15<=$I18),$G18,0) -> 0 | Y18: =IF(AND(16>=$H18,16<=$I18),$G18,0) -> 0 | Z18: =IF(AND(17>=$H18,17<=$I18),$G18,0) -> 0 | AA18: =IF(AND(18>=$H18,18<=$I18),$G18,0) -> 0 | AB18: =IF(AND(19>=$H18,19<=$I18),$G18,0) -> 0 | AC18: =IF(AND(20>=$H18,20<=$I18),$G18,0) -> 0 | AD18: =IF(AND(21>=$H18,21<=$I18),$G18,0) -> 0 | AE18: =IF(AND(22>=$H18,22<=$I18),$G18,0) -> 0 | AF18: =IF(AND(23>=$H18,23<=$I18),$G18,0) -> 0 | AG18: =IF(AND(24>=$H18,24<=$I18),$G18,0) -> 0 | AH18: =SUM(J18:AG18)*8*$B$5 -> 825
A19: ='Rendimientos y Cuadrillas'!A17 -> 2.06 | B19: ='Rendimientos y Cuadrillas'!B17 -> Terraplenes con material de cantera | C19: =VALUE('Rendimientos y Cuadrillas'!D17) -> 350 | D19: ='Rendimientos y Cuadrillas'!C17 -> M3/día | E19: =SUM('Rendimientos y Cuadrillas'!E17:H17) -> 5.5 | F19: ='Rendimientos y Cuadrillas'!J17 -> 1 | G19: =E19/8*F19 -> 0.6875 | H19: 7 | I19: 11 | J19: =IF(AND(1>=$H19,1<=$I19),$G19,0) -> 0 | K19: =IF(AND(2>=$H19,2<=$I19),$G19,0) -> 0 | L19: =IF(AND(3>=$H19,3<=$I19),$G19,0) -> 0 | M19: =IF(AND(4>=$H19,4<=$I19),$G19,0) -> 0 | N19: =IF(AND(5>=$H19,5<=$I19),$G19,0) -> 0 | O19: =IF(AND(6>=$H19,6<=$I19),$G19,0) -> 0 | P19: =IF(AND(7>=$H19,7<=$I19),$G19,0) -> 0.6875 | Q19: =IF(AND(8>=$H19,8<=$I19),$G19,0) -> 0.6875 | R19: =IF(AND(9>=$H19,9<=$I19),$G19,0) -> 0.6875 | S19: =IF(AND(10>=$H19,10<=$I19),$G19,0) -> 0.6875 | T19: =IF(AND(11>=$H19,11<=$I19),$G19,0) -> 0.6875 | U19: =IF(AND(12>=$H19,12<=$I19),$G19,0) -> 0 | V19: =IF(AND(13>=$H19,13<=$I19),$G19,0) -> 0 | W19: =IF(AND(14>=$H19,14<=$I19),$G19,0) -> 0 | X19: =IF(AND(15>=$H19,15<=$I19),$G19,0) -> 0 | Y19: =IF(AND(16>=$H19,16<=$I19),$G19,0) -> 0 | Z19: =IF(AND(17>=$H19,17<=$I19),$G19,0) -> 0 | AA19: =IF(AND(18>=$H19,18<=$I19),$G19,0) -> 0 | AB19: =IF(AND(19>=$H19,19<=$I19),$G19,0) -> 0 | AC19: =IF(AND(20>=$H19,20<=$I19),$G19,0) -> 0 | AD19: =IF(AND(21>=$H19,21<=$I19),$G19,0) -> 0 | AE19: =IF(AND(22>=$H19,22<=$I19),$G19,0) -> 0 | AF19: =IF(AND(23>=$H19,23<=$I19),$G19,0) -> 0 | AG19: =IF(AND(24>=$H19,24<=$I19),$G19,0) -> 0 | AH19: =SUM(J19:AG19)*8*$B$5 -> 825
A20: ='Rendimientos y Cuadrillas'!A18 -> 2.07 | B20: ='Rendimientos y Cuadrillas'!B18 -> Mejoramiento a nivel de subrasante | C20: =VALUE('Rendimientos y Cuadrillas'!D18) -> 2100 | D20: ='Rendimientos y Cuadrillas'!C18 -> M2/día | E20: =SUM('Rendimientos y Cuadrillas'!E18:H18) -> 5.5 | F20: ='Rendimientos y Cuadrillas'!J18 -> 1 | G20: =E20/8*F20 -> 0.6875 | H20: 9 | I20: 12 | J20: =IF(AND(1>=$H20,1<=$I20),$G20,0) -> 0 | K20: =IF(AND(2>=$H20,2<=$I20),$G20,0) -> 0 | L20: =IF(AND(3>=$H20,3<=$I20),$G20,0) -> 0 | M20: =IF(AND(4>=$H20,4<=$I20),$G20,0) -> 0 | N20: =IF(AND(5>=$H20,5<=$I20),$G20,0) -> 0 | O20: =IF(AND(6>=$H20,6<=$I20),$G20,0) -> 0 | P20: =IF(AND(7>=$H20,7<=$I20),$G20,0) -> 0 | Q20: =IF(AND(8>=$H20,8<=$I20),$G20,0) -> 0 | R20: =IF(AND(9>=$H20,9<=$I20),$G20,0) -> 0.6875 | S20: =IF(AND(10>=$H20,10<=$I20),$G20,0) -> 0.6875 | T20: =IF(AND(11>=$H20,11<=$I20),$G20,0) -> 0.6875 | U20: =IF(AND(12>=$H20,12<=$I20),$G20,0) -> 0.6875 | V20: =IF(AND(13>=$H20,13<=$I20),$G20,0) -> 0 | W20: =IF(AND(14>=$H20,14<=$I20),$G20,0) -> 0 | X20: =IF(AND(15>=$H20,15<=$I20),$G20,0) -> 0 | Y20: =IF(AND(16>=$H20,16<=$I20),$G20,0) -> 0 | Z20: =IF(AND(17>=$H20,17<=$I20),$G20,0) -> 0 | AA20: =IF(AND(18>=$H20,18<=$I20),$G20,0) -> 0 | AB20: =IF(AND(19>=$H20,19<=$I20),$G20,0) -> 0 | AC20: =IF(AND(20>=$H20,20<=$I20),$G20,0) -> 0 | AD20: =IF(AND(21>=$H20,21<=$I20),$G20,0) -> 0 | AE20: =IF(AND(22>=$H20,22<=$I20),$G20,0) -> 0 | AF20: =IF(AND(23>=$H20,23<=$I20),$G20,0) -> 0 | AG20: =IF(AND(24>=$H20,24<=$I20),$G20,0) -> 0 | AH20: =SUM(J20:AG20)*8*$B$5 -> 660
A21: ='Rendimientos y Cuadrillas'!A19 -> 2.08 | B21: ='Rendimientos y Cuadrillas'!B19 -> Conformación y acomodo de DME | C21: =VALUE('Rendimientos y Cuadrillas'!D19) -> 550 | D21: ='Rendimientos y Cuadrillas'!C19 -> M3/día | E21: =SUM('Rendimientos y Cuadrillas'!E19:H19) -> 2.2 | F21: ='Rendimientos y Cuadrillas'!J19 -> 1 | G21: =E21/8*F21 -> 0.275 | H21: 4 | I21: 10 | J21: =IF(AND(1>=$H21,1<=$I21),$G21,0) -> 0 | K21: =IF(AND(2>=$H21,2<=$I21),$G21,0) -> 0 | L21: =IF(AND(3>=$H21,3<=$I21),$G21,0) -> 0 | M21: =IF(AND(4>=$H21,4<=$I21),$G21,0) -> 0.275 | N21: =IF(AND(5>=$H21,5<=$I21),$G21,0) -> 0.275 | O21: =IF(AND(6>=$H21,6<=$I21),$G21,0) -> 0.275 | P21: =IF(AND(7>=$H21,7<=$I21),$G21,0) -> 0.275 | Q21: =IF(AND(8>=$H21,8<=$I21),$G21,0) -> 0.275 | R21: =IF(AND(9>=$H21,9<=$I21),$G21,0) -> 0.275 | S21: =IF(AND(10>=$H21,10<=$I21),$G21,0) -> 0.275 | T21: =IF(AND(11>=$H21,11<=$I21),$G21,0) -> 0 | U21: =IF(AND(12>=$H21,12<=$I21),$G21,0) -> 0 | V21: =IF(AND(13>=$H21,13<=$I21),$G21,0) -> 0 | W21: =IF(AND(14>=$H21,14<=$I21),$G21,0) -> 0 | X21: =IF(AND(15>=$H21,15<=$I21),$G21,0) -> 0 | Y21: =IF(AND(16>=$H21,16<=$I21),$G21,0) -> 0 | Z21: =IF(AND(17>=$H21,17<=$I21),$G21,0) -> 0 | AA21: =IF(AND(18>=$H21,18<=$I21),$G21,0) -> 0 | AB21: =IF(AND(19>=$H21,19<=$I21),$G21,0) -> 0 | AC21: =IF(AND(20>=$H21,20<=$I21),$G21,0) -> 0 | AD21: =IF(AND(21>=$H21,21<=$I21),$G21,0) -> 0 | AE21: =IF(AND(22>=$H21,22<=$I21),$G21,0) -> 0 | AF21: =IF(AND(23>=$H21,23<=$I21),$G21,0) -> 0 | AG21: =IF(AND(24>=$H21,24<=$I21),$G21,0) -> 0 | AH21: =SUM(J21:AG21)*8*$B$5 -> 462
A22: ='Rendimientos y Cuadrillas'!A20 -> 2.09 | B22: ='Rendimientos y Cuadrillas'!B20 -> Perfilado y compactado en zonas de corte | C22: =VALUE('Rendimientos y Cuadrillas'!D20) -> 1850 | D22: ='Rendimientos y Cuadrillas'!C20 -> M2/día | E22: =SUM('Rendimientos y Cuadrillas'!E20:H20) -> 5.5 | F22: ='Rendimientos y Cuadrillas'!J20 -> 1 | G22: =E22/8*F22 -> 0.6875 | H22: 10 | I22: 13 | J22: =IF(AND(1>=$H22,1<=$I22),$G22,0) -> 0 | K22: =IF(AND(2>=$H22,2<=$I22),$G22,0) -> 0 | L22: =IF(AND(3>=$H22,3<=$I22),$G22,0) -> 0 | M22: =IF(AND(4>=$H22,4<=$I22),$G22,0) -> 0 | N22: =IF(AND(5>=$H22,5<=$I22),$G22,0) -> 0 | O22: =IF(AND(6>=$H22,6<=$I22),$G22,0) -> 0 | P22: =IF(AND(7>=$H22,7<=$I22),$G22,0) -> 0 | Q22: =IF(AND(8>=$H22,8<=$I22),$G22,0) -> 0 | R22: =IF(AND(9>=$H22,9<=$I22),$G22,0) -> 0 | S22: =IF(AND(10>=$H22,10<=$I22),$G22,0) -> 0.6875 | T22: =IF(AND(11>=$H22,11<=$I22),$G22,0) -> 0.6875 | U22: =IF(AND(12>=$H22,12<=$I22),$G22,0) -> 0.6875 | V22: =IF(AND(13>=$H22,13<=$I22),$G22,0) -> 0.6875 | W22: =IF(AND(14>=$H22,14<=$I22),$G22,0) -> 0 | X22: =IF(AND(15>=$H22,15<=$I22),$G22,0) -> 0 | Y22: =IF(AND(16>=$H22,16<=$I22),$G22,0) -> 0 | Z22: =IF(AND(17>=$H22,17<=$I22),$G22,0) -> 0 | AA22: =IF(AND(18>=$H22,18<=$I22),$G22,0) -> 0 | AB22: =IF(AND(19>=$H22,19<=$I22),$G22,0) -> 0 | AC22: =IF(AND(20>=$H22,20<=$I22),$G22,0) -> 0 | AD22: =IF(AND(21>=$H22,21<=$I22),$G22,0) -> 0 | AE22: =IF(AND(22>=$H22,22<=$I22),$G22,0) -> 0 | AF22: =IF(AND(23>=$H22,23<=$I22),$G22,0) -> 0 | AG22: =IF(AND(24>=$H22,24<=$I22),$G22,0) -> 0 | AH22: =SUM(J22:AG22)*8*$B$5 -> 660
A23: ='Rendimientos y Cuadrillas'!A22 -> 3.01 | B23: ='Rendimientos y Cuadrillas'!B22 -> Subbase Granular (e=0.20 m) | C23: =VALUE('Rendimientos y Cuadrillas'!D22) -> 550 | D23: ='Rendimientos y Cuadrillas'!C22 -> M3/día | E23: =SUM('Rendimientos y Cuadrillas'!E22:H22) -> 7 | F23: ='Rendimientos y Cuadrillas'!J22 -> 1 | G23: =E23/8*F23 -> 0.875 | H23: 12 | I23: 15 | J23: =IF(AND(1>=$H23,1<=$I23),$G23,0) -> 0 | K23: =IF(AND(2>=$H23,2<=$I23),$G23,0) -> 0 | L23: =IF(AND(3>=$H23,3<=$I23),$G23,0) -> 0 | M23: =IF(AND(4>=$H23,4<=$I23),$G23,0) -> 0 | N23: =IF(AND(5>=$H23,5<=$I23),$G23,0) -> 0 | O23: =IF(AND(6>=$H23,6<=$I23),$G23,0) -> 0 | P23: =IF(AND(7>=$H23,7<=$I23),$G23,0) -> 0 | Q23: =IF(AND(8>=$H23,8<=$I23),$G23,0) -> 0 | R23: =IF(AND(9>=$H23,9<=$I23),$G23,0) -> 0 | S23: =IF(AND(10>=$H23,10<=$I23),$G23,0) -> 0 | T23: =IF(AND(11>=$H23,11<=$I23),$G23,0) -> 0 | U23: =IF(AND(12>=$H23,12<=$I23),$G23,0) -> 0.875 | V23: =IF(AND(13>=$H23,13<=$I23),$G23,0) -> 0.875 | W23: =IF(AND(14>=$H23,14<=$I23),$G23,0) -> 0.875 | X23: =IF(AND(15>=$H23,15<=$I23),$G23,0) -> 0.875 | Y23: =IF(AND(16>=$H23,16<=$I23),$G23,0) -> 0 | Z23: =IF(AND(17>=$H23,17<=$I23),$G23,0) -> 0 | AA23: =IF(AND(18>=$H23,18<=$I23),$G23,0) -> 0 | AB23: =IF(AND(19>=$H23,19<=$I23),$G23,0) -> 0 | AC23: =IF(AND(20>=$H23,20<=$I23),$G23,0) -> 0 | AD23: =IF(AND(21>=$H23,21<=$I23),$G23,0) -> 0 | AE23: =IF(AND(22>=$H23,22<=$I23),$G23,0) -> 0 | AF23: =IF(AND(23>=$H23,23<=$I23),$G23,0) -> 0 | AG23: =IF(AND(24>=$H23,24<=$I23),$G23,0) -> 0 | AH23: =SUM(J23:AG23)*8*$B$5 -> 840
A24: ='Rendimientos y Cuadrillas'!A23 -> 3.02 | B24: ='Rendimientos y Cuadrillas'!B23 -> Base Granular (e=0.20 m) | C24: =VALUE('Rendimientos y Cuadrillas'!D23) -> 600 | D24: ='Rendimientos y Cuadrillas'!C23 -> M3/día | E24: =SUM('Rendimientos y Cuadrillas'!E23:H23) -> 7 | F24: ='Rendimientos y Cuadrillas'!J23 -> 1 | G24: =E24/8*F24 -> 0.875 | H24: 14 | I24: 17 | J24: =IF(AND(1>=$H24,1<=$I24),$G24,0) -> 0 | K24: =IF(AND(2>=$H24,2<=$I24),$G24,0) -> 0 | L24: =IF(AND(3>=$H24,3<=$I24),$G24,0) -> 0 | M24: =IF(AND(4>=$H24,4<=$I24),$G24,0) -> 0 | N24: =IF(AND(5>=$H24,5<=$I24),$G24,0) -> 0 | O24: =IF(AND(6>=$H24,6<=$I24),$G24,0) -> 0 | P24: =IF(AND(7>=$H24,7<=$I24),$G24,0) -> 0 | Q24: =IF(AND(8>=$H24,8<=$I24),$G24,0) -> 0 | R24: =IF(AND(9>=$H24,9<=$I24),$G24,0) -> 0 | S24: =IF(AND(10>=$H24,10<=$I24),$G24,0) -> 0 | T24: =IF(AND(11>=$H24,11<=$I24),$G24,0) -> 0 | U24: =IF(AND(12>=$H24,12<=$I24),$G24,0) -> 0 | V24: =IF(AND(13>=$H24,13<=$I24),$G24,0) -> 0 | W24: =IF(AND(14>=$H24,14<=$I24),$G24,0) -> 0.875 | X24: =IF(AND(15>=$H24,15<=$I24),$G24,0) -> 0.875 | Y24: =IF(AND(16>=$H24,16<=$I24),$G24,0) -> 0.875 | Z24: =IF(AND(17>=$H24,17<=$I24),$G24,0) -> 0.875 | AA24: =IF(AND(18>=$H24,18<=$I24),$G24,0) -> 0 | AB24: =IF(AND(19>=$H24,19<=$I24),$G24,0) -> 0 | AC24: =IF(AND(20>=$H24,20<=$I24),$G24,0) -> 0 | AD24: =IF(AND(21>=$H24,21<=$I24),$G24,0) -> 0 | AE24: =IF(AND(22>=$H24,22<=$I24),$G24,0) -> 0 | AF24: =IF(AND(23>=$H24,23<=$I24),$G24,0) -> 0 | AG24: =IF(AND(24>=$H24,24<=$I24),$G24,0) -> 0 | AH24: =SUM(J24:AG24)*8*$B$5 -> 840
A25: ='Rendimientos y Cuadrillas'!A24 -> 3.03 | B25: ='Rendimientos y Cuadrillas'!B24 -> Instalación de planta de asfalto y chancadora | C25: =VALUE('Rendimientos y Cuadrillas'!D24) -> 1 | D25: ='Rendimientos y Cuadrillas'!C24 -> GLB | E25: =SUM('Rendimientos y Cuadrillas'!E24:H24) -> 15 | F25: ='Rendimientos y Cuadrillas'!J24 -> 1 | G25: =E25/8*F25 -> 1.875 | H25: 13 | I25: 14 | J25: =IF(AND(1>=$H25,1<=$I25),$G25,0) -> 0 | K25: =IF(AND(2>=$H25,2<=$I25),$G25,0) -> 0 | L25: =IF(AND(3>=$H25,3<=$I25),$G25,0) -> 0 | M25: =IF(AND(4>=$H25,4<=$I25),$G25,0) -> 0 | N25: =IF(AND(5>=$H25,5<=$I25),$G25,0) -> 0 | O25: =IF(AND(6>=$H25,6<=$I25),$G25,0) -> 0 | P25: =IF(AND(7>=$H25,7<=$I25),$G25,0) -> 0 | Q25: =IF(AND(8>=$H25,8<=$I25),$G25,0) -> 0 | R25: =IF(AND(9>=$H25,9<=$I25),$G25,0) -> 0 | S25: =IF(AND(10>=$H25,10<=$I25),$G25,0) -> 0 | T25: =IF(AND(11>=$H25,11<=$I25),$G25,0) -> 0 | U25: =IF(AND(12>=$H25,12<=$I25),$G25,0) -> 0 | V25: =IF(AND(13>=$H25,13<=$I25),$G25,0) -> 1.875 | W25: =IF(AND(14>=$H25,14<=$I25),$G25,0) -> 1.875 | X25: =IF(AND(15>=$H25,15<=$I25),$G25,0) -> 0 | Y25: =IF(AND(16>=$H25,16<=$I25),$G25,0) -> 0 | Z25: =IF(AND(17>=$H25,17<=$I25),$G25,0) -> 0 | AA25: =IF(AND(18>=$H25,18<=$I25),$G25,0) -> 0 | AB25: =IF(AND(19>=$H25,19<=$I25),$G25,0) -> 0 | AC25: =IF(AND(20>=$H25,20<=$I25),$G25,0) -> 0 | AD25: =IF(AND(21>=$H25,21<=$I25),$G25,0) -> 0 | AE25: =IF(AND(22>=$H25,22<=$I25),$G25,0) -> 0 | AF25: =IF(AND(23>=$H25,23<=$I25),$G25,0) -> 0 | AG25: =IF(AND(24>=$H25,24<=$I25),$G25,0) -> 0 | AH25: =SUM(J25:AG25)*8*$B$5 -> 900
A26: ='Rendimientos y Cuadrillas'!A26 -> 4.01 | B26: ='Rendimientos y Cuadrillas'!B26 -> Imprimación Asfáltica | C26: =VALUE('Rendimientos y Cuadrillas'!D26) -> 7500 | D26: ='Rendimientos y Cuadrillas'!C26 -> M2/día | E26: =SUM('Rendimientos y Cuadrillas'!E26:H26) -> 5.5 | F26: ='Rendimientos y Cuadrillas'!J26 -> 1 | G26: =E26/8*F26 -> 0.6875 | H26: 17 | I26: 19 | J26: =IF(AND(1>=$H26,1<=$I26),$G26,0) -> 0 | K26: =IF(AND(2>=$H26,2<=$I26),$G26,0) -> 0 | L26: =IF(AND(3>=$H26,3<=$I26),$G26,0) -> 0 | M26: =IF(AND(4>=$H26,4<=$I26),$G26,0) -> 0 | N26: =IF(AND(5>=$H26,5<=$I26),$G26,0) -> 0 | O26: =IF(AND(6>=$H26,6<=$I26),$G26,0) -> 0 | P26: =IF(AND(7>=$H26,7<=$I26),$G26,0) -> 0 | Q26: =IF(AND(8>=$H26,8<=$I26),$G26,0) -> 0 | R26: =IF(AND(9>=$H26,9<=$I26),$G26,0) -> 0 | S26: =IF(AND(10>=$H26,10<=$I26),$G26,0) -> 0 | T26: =IF(AND(11>=$H26,11<=$I26),$G26,0) -> 0 | U26: =IF(AND(12>=$H26,12<=$I26),$G26,0) -> 0 | V26: =IF(AND(13>=$H26,13<=$I26),$G26,0) -> 0 | W26: =IF(AND(14>=$H26,14<=$I26),$G26,0) -> 0 | X26: =IF(AND(15>=$H26,15<=$I26),$G26,0) -> 0 | Y26: =IF(AND(16>=$H26,16<=$I26),$G26,0) -> 0 | Z26: =IF(AND(17>=$H26,17<=$I26),$G26,0) -> 0.6875 | AA26: =IF(AND(18>=$H26,18<=$I26),$G26,0) -> 0.6875 | AB26: =IF(AND(19>=$H26,19<=$I26),$G26,0) -> 0.6875 | AC26: =IF(AND(20>=$H26,20<=$I26),$G26,0) -> 0 | AD26: =IF(AND(21>=$H26,21<=$I26),$G26,0) -> 0 | AE26: =IF(AND(22>=$H26,22<=$I26),$G26,0) -> 0 | AF26: =IF(AND(23>=$H26,23<=$I26),$G26,0) -> 0 | AG26: =IF(AND(24>=$H26,24<=$I26),$G26,0) -> 0 | AH26: =SUM(J26:AG26)*8*$B$5 -> 495
A27: ='Rendimientos y Cuadrillas'!A27 -> 4.02 | B27: ='Rendimientos y Cuadrillas'!B27 -> Riego de Liga | C27: =VALUE('Rendimientos y Cuadrillas'!D27) -> 10000 | D27: ='Rendimientos y Cuadrillas'!C27 -> M2/día | E27: =SUM('Rendimientos y Cuadrillas'!E27:H27) -> 4.5 | F27: ='Rendimientos y Cuadrillas'!J27 -> 1 | G27: =E27/8*F27 -> 0.5625 | H27: 18 | I27: 21 | J27: =IF(AND(1>=$H27,1<=$I27),$G27,0) -> 0 | K27: =IF(AND(2>=$H27,2<=$I27),$G27,0) -> 0 | L27: =IF(AND(3>=$H27,3<=$I27),$G27,0) -> 0 | M27: =IF(AND(4>=$H27,4<=$I27),$G27,0) -> 0 | N27: =IF(AND(5>=$H27,5<=$I27),$G27,0) -> 0 | O27: =IF(AND(6>=$H27,6<=$I27),$G27,0) -> 0 | P27: =IF(AND(7>=$H27,7<=$I27),$G27,0) -> 0 | Q27: =IF(AND(8>=$H27,8<=$I27),$G27,0) -> 0 | R27: =IF(AND(9>=$H27,9<=$I27),$G27,0) -> 0 | S27: =IF(AND(10>=$H27,10<=$I27),$G27,0) -> 0 | T27: =IF(AND(11>=$H27,11<=$I27),$G27,0) -> 0 | U27: =IF(AND(12>=$H27,12<=$I27),$G27,0) -> 0 | V27: =IF(AND(13>=$H27,13<=$I27),$G27,0) -> 0 | W27: =IF(AND(14>=$H27,14<=$I27),$G27,0) -> 0 | X27: =IF(AND(15>=$H27,15<=$I27),$G27,0) -> 0 | Y27: =IF(AND(16>=$H27,16<=$I27),$G27,0) -> 0 | Z27: =IF(AND(17>=$H27,17<=$I27),$G27,0) -> 0 | AA27: =IF(AND(18>=$H27,18<=$I27),$G27,0) -> 0.5625 | AB27: =IF(AND(19>=$H27,19<=$I27),$G27,0) -> 0.5625 | AC27: =IF(AND(20>=$H27,20<=$I27),$G27,0) -> 0.5625 | AD27: =IF(AND(21>=$H27,21<=$I27),$G27,0) -> 0.5625 | AE27: =IF(AND(22>=$H27,22<=$I27),$G27,0) -> 0 | AF27: =IF(AND(23>=$H27,23<=$I27),$G27,0) -> 0 | AG27: =IF(AND(24>=$H27,24<=$I27),$G27,0) -> 0 | AH27: =SUM(J27:AG27)*8*$B$5 -> 540
A28: ='Rendimientos y Cuadrillas'!A28 -> 4.03 | B28: ='Rendimientos y Cuadrillas'!B28 -> Pavimento de concreto asfáltico en caliente | C28: =VALUE('Rendimientos y Cuadrillas'!D28) -> 2000 | D28: ='Rendimientos y Cuadrillas'!C28 -> M2/día | E28: =SUM('Rendimientos y Cuadrillas'!E28:H28) -> 12 | F28: ='Rendimientos y Cuadrillas'!J28 -> 1 | G28: =E28/8*F28 -> 1.5 | H28: 19 | I28: 23 | J28: =IF(AND(1>=$H28,1<=$I28),$G28,0) -> 0 | K28: =IF(AND(2>=$H28,2<=$I28),$G28,0) -> 0 | L28: =IF(AND(3>=$H28,3<=$I28),$G28,0) -> 0 | M28: =IF(AND(4>=$H28,4<=$I28),$G28,0) -> 0 | N28: =IF(AND(5>=$H28,5<=$I28),$G28,0) -> 0 | O28: =IF(AND(6>=$H28,6<=$I28),$G28,0) -> 0 | P28: =IF(AND(7>=$H28,7<=$I28),$G28,0) -> 0 | Q28: =IF(AND(8>=$H28,8<=$I28),$G28,0) -> 0 | R28: =IF(AND(9>=$H28,9<=$I28),$G28,0) -> 0 | S28: =IF(AND(10>=$H28,10<=$I28),$G28,0) -> 0 | T28: =IF(AND(11>=$H28,11<=$I28),$G28,0) -> 0 | U28: =IF(AND(12>=$H28,12<=$I28),$G28,0) -> 0 | V28: =IF(AND(13>=$H28,13<=$I28),$G28,0) -> 0 | W28: =IF(AND(14>=$H28,14<=$I28),$G28,0) -> 0 | X28: =IF(AND(15>=$H28,15<=$I28),$G28,0) -> 0 | Y28: =IF(AND(16>=$H28,16<=$I28),$G28,0) -> 0 | Z28: =IF(AND(17>=$H28,17<=$I28),$G28,0) -> 0 | AA28: =IF(AND(18>=$H28,18<=$I28),$G28,0) -> 0 | AB28: =IF(AND(19>=$H28,19<=$I28),$G28,0) -> 1.5 | AC28: =IF(AND(20>=$H28,20<=$I28),$G28,0) -> 1.5 | AD28: =IF(AND(21>=$H28,21<=$I28),$G28,0) -> 1.5 | AE28: =IF(AND(22>=$H28,22<=$I28),$G28,0) -> 1.5 | AF28: =IF(AND(23>=$H28,23<=$I28),$G28,0) -> 1.5 | AG28: =IF(AND(24>=$H28,24<=$I28),$G28,0) -> 0 | AH28: =SUM(J28:AG28)*8*$B$5 -> 1800
A29: ='Rendimientos y Cuadrillas'!A29 -> 4.04 | B29: ='Rendimientos y Cuadrillas'!B29 -> Cemento Asfáltico Modificado con Polímeros | C29: =VALUE('Rendimientos y Cuadrillas'!D29) -> 600 | D29: ='Rendimientos y Cuadrillas'!C29 -> GLN/día | E29: =SUM('Rendimientos y Cuadrillas'!E29:H29) -> 4.2 | F29: ='Rendimientos y Cuadrillas'!J29 -> 1 | G29: =E29/8*F29 -> 0.525 | H29: 19 | I29: 23 | J29: =IF(AND(1>=$H29,1<=$I29),$G29,0) -> 0 | K29: =IF(AND(2>=$H29,2<=$I29),$G29,0) -> 0 | L29: =IF(AND(3>=$H29,3<=$I29),$G29,0) -> 0 | M29: =IF(AND(4>=$H29,4<=$I29),$G29,0) -> 0 | N29: =IF(AND(5>=$H29,5<=$I29),$G29,0) -> 0 | O29: =IF(AND(6>=$H29,6<=$I29),$G29,0) -> 0 | P29: =IF(AND(7>=$H29,7<=$I29),$G29,0) -> 0 | Q29: =IF(AND(8>=$H29,8<=$I29),$G29,0) -> 0 | R29: =IF(AND(9>=$H29,9<=$I29),$G29,0) -> 0 | S29: =IF(AND(10>=$H29,10<=$I29),$G29,0) -> 0 | T29: =IF(AND(11>=$H29,11<=$I29),$G29,0) -> 0 | U29: =IF(AND(12>=$H29,12<=$I29),$G29,0) -> 0 | V29: =IF(AND(13>=$H29,13<=$I29),$G29,0) -> 0 | W29: =IF(AND(14>=$H29,14<=$I29),$G29,0) -> 0 | X29: =IF(AND(15>=$H29,15<=$I29),$G29,0) -> 0 | Y29: =IF(AND(16>=$H29,16<=$I29),$G29,0) -> 0 | Z29: =IF(AND(17>=$H29,17<=$I29),$G29,0) -> 0 | AA29: =IF(AND(18>=$H29,18<=$I29),$G29,0) -> 0 | AB29: =IF(AND(19>=$H29,19<=$I29),$G29,0) -> 0.525 | AC29: =IF(AND(20>=$H29,20<=$I29),$G29,0) -> 0.525 | AD29: =IF(AND(21>=$H29,21<=$I29),$G29,0) -> 0.525 | AE29: =IF(AND(22>=$H29,22<=$I29),$G29,0) -> 0.525 | AF29: =IF(AND(23>=$H29,23<=$I29),$G29,0) -> 0.525 | AG29: =IF(AND(24>=$H29,24<=$I29),$G29,0) -> 0 | AH29: =SUM(J29:AG29)*8*$B$5 -> 630
A31: TOTAL PERSONAL EQUIVALENTE POR MES | J31: =SUM(J9:J29) -> 3.4375 | K31: =SUM(K9:K29) -> 2.225 | L31: =SUM(L9:L29) -> 2.2 | M31: =SUM(M9:M29) -> 2.7875 | N31: =SUM(N9:N29) -> 6.7875 | O31: =SUM(O9:O29) -> 10.975 | P31: =SUM(P9:P29) -> 11.6625 | Q31: =SUM(Q9:Q29) -> 8.9125 | ... AH31: =SUM(AH9:AH29) -> 23967
A34: Método: Personal equivalente/día = (Capataz hh + Operario hh + Oficial hh + Peón hh) / 8 × N° de cuadrillas. El horizonte se expresa en 24 meses de 30 días. Las columnas Mes inicio y Mes fin son editables para ajustar el cronograma real.

Sheet Curva S HH
A1: CURVA S PROGRAMADA POR HORAS-HOMBRE – PROYECTO VIAL (720 DÍAS)
A3: Parámetro | B3: Valor | H3: Resumen | I3: Valor
A4: Duración total (días) | B4: 720 | H4: HH total programada | I4: =SUM(C10:C33) -> 23967
A5: Días por mes | B5: 30 | H5: Personal equiv. promedio | I5: =AVERAGE(B10:B33) -> 4.1609375
A6: Jornada (h/día) | B6: 8 | H6: Personal equiv. máximo | I6: =MAX(B10:B33) -> 11.6625
A7: Número de meses | B7: 24
A9: Mes | B9: Personal equiv./día | C9: HH mensual | D9: HH acumulada | E9: % mensual | F9: % acumulado
A10: 1 | B10: ='Histograma 720 dias'!J31 -> 3.4375 | C10: =B10*$B$5*$B$6 -> 825 | D10: =C10 -> 825 | E10: =C10/$I$4 -> 0.034422331 | F10: =D10/$I$4 -> 0.034422331
A11: 2 | B11: ='Histograma 720 dias'!K31 -> 2.225 | C11: =B11*$B$5*$B$6 -> 534 | D11: =D10+C11 -> 1359 | E11: =C11/$I$4 -> 0.022280636 | F11: =D11/$I$4 -> 0.056702967
A12: 3 | B12: ='Histograma 720 dias'!L31 -> 2.2 | C12: =B12*$B$5*$B$6 -> 528 | D12: =D11+C12 -> 1887 | E12: =C12/$I$4 -> 0.022030292 | F12: =D12/$I$4 -> 0.078733258
A13: 4 | B13: ='Histograma 720 dias'!M31 -> 2.7875 | C13: =B13*$B$5*$B$6 -> 669 | D13: =D12+C13 -> 2556 | E13: =C13/$I$4 -> 0.027913381 | F13: =D13/$I$4 -> 0.10664664
A14: 5 | B14: ='Histograma 720 dias'!N31 -> 6.7875 | C14: =B14*$B$5*$B$6 -> 1629 | D14: =D13+C14 -> 4185 | E14: =C14/$I$4 -> 0.067968457 | F14: =D14/$I$4 -> 0.1746151
A15: 6 | B15: ='Histograma 720 dias'!O31 -> 10.975 | C15: =B15*$B$5*$B$6 -> 2634 | D15: =D14+C15 -> 6819 | E15: =C15/$I$4 -> 0.10990111 | F15: =D15/$I$4 -> 0.28451621
A16: 7 | B16: ='Histograma 720 dias'!P31 -> 11.6625 | C16: =B16*$B$5*$B$6 -> 2799 | D16: =D15+C16 -> 9618 | E16: =C16/$I$4 -> 0.11678558 | F16: =D16/$I$4 -> 0.40130179
A17: 8 | B17: ='Histograma 720 dias'!Q31 -> 8.9125 | C17: =B17*$B$5*$B$6 -> 2139 | D17: =D16+C17 -> 11757 | E17: =C17/$I$4 -> 0.089247716 | F17: =D17/$I$4 -> 0.49054951
A18: 9 | B18: ='Histograma 720 dias'!R31 -> 3.35 | C18: =B18*$B$5*$B$6 -> 804 | D18: =D17+C18 -> 12561 | E18: =C18/$I$4 -> 0.033546126 | F18: =D18/$I$4 -> 0.52409563
A19: 10 | B19: ='Histograma 720 dias'!S31 -> 4.0375 | C19: =B19*$B$5*$B$6 -> 969 | D19: =D18+C19 -> 13530 | E19: =C19/$I$4 -> 0.040430592 | F19: =D19/$I$4 -> 0.56452622
A20: 11 | B20: ='Histograma 720 dias'!T31 -> 3.075 | C20: =B20*$B$5*$B$6 -> 738 | D20: =D19+C20 -> 14268 | E20: =C20/$I$4 -> 0.030792339 | F20: =D20/$I$4 -> 0.59531856
A21: 12 | B21: ='Histograma 720 dias'!U31 -> 3.2625 | C21: =B21*$B$5*$B$6 -> 783 | D21: =D20+C21 -> 15051 | E21: =C21/$I$4 -> 0.032669921 | F21: =D21/$I$4 -> 0.62798848
A22: 13 | B22: ='Histograma 720 dias'!V31 -> 4.45 | C22: =B22*$B$5*$B$6 -> 1068 | D22: =D21+C22 -> 16119 | E22: =C22/$I$4 -> 0.044561272 | F22: =D22/$I$4 -> 0.67254976
A23: 14 | B23: ='Histograma 720 dias'!W31 -> 4.6375 | C23: =B23*$B$5*$B$6 -> 1113 | D23: =D22+C23 -> 17232 | E23: =C23/$I$4 -> 0.046438853 | F23: =D23/$I$4 -> 0.71898861
A24: 15 | B24: ='Histograma 720 dias'!X31 -> 2.7625 | C24: =B24*$B$5*$B$6 -> 663 | D24: =D23+C24 -> 17895 | E24: =C24/$I$4 -> 0.027663037 | F24: =D24/$I$4 -> 0.74665165
A25: 16 | B25: ='Histograma 720 dias'!Y31 -> 1.8875 | C25: =B25*$B$5*$B$6 -> 453 | D25: =D24+C25 -> 18348 | E25: =C25/$I$4 -> 0.018900989 | F25: =D25/$I$4 -> 0.76555263
A26: 17 | B26: ='Histograma 720 dias'!Z31 -> 2.575 | C26: =B26*$B$5*$B$6 -> 618 | D26: =D25+C26 -> 18966 | E26: =C26/$I$4 -> 0.025785455 | F26: =D26/$I$4 -> 0.79133809
A27: 18 | B27: ='Histograma 720 dias'!AA31 -> 2.2625 | C27: =B27*$B$5*$B$6 -> 543 | D27: =D26+C27 -> 19509 | E27: =C27/$I$4 -> 0.022656152 | F27: =D27/$I$4 -> 0.81399424
A28: 19 | B28: ='Histograma 720 dias'!AB31 -> 4.2875 | C28: =B28*$B$5*$B$6 -> 1029 | D28: =D27+C28 -> 20538 | E28: =C28/$I$4 -> 0.042934034 | F28: =D28/$I$4 -> 0.85692828
A29: 20 | B29: ='Histograma 720 dias'!AC31 -> 3.6 | C29: =B29*$B$5*$B$6 -> 864 | D29: =D28+C29 -> 21402 | E29: =C29/$I$4 -> 0.036049568 | F29: =D29/$I$4 -> 0.89297784
A30: 21 | B30: ='Histograma 720 dias'!AD31 -> 3.6 | C30: =B30*$B$5*$B$6 -> 864 | D30: =D29+C30 -> 22266 | E30: =C30/$I$4 -> 0.036049568 | F30: =D30/$I$4 -> 0.92902741
A31: 22 | B31: ='Histograma 720 dias'!AE31 -> 3.0375 | C31: =B31*$B$5*$B$6 -> 729 | D31: =D30+C31 -> 22995 | E31: =C31/$I$4 -> 0.030416823 | F31: =D31/$I$4 -> 0.95944424
A32: 23 | B32: ='Histograma 720 dias'!AF31 -> 3.0375 | C32: =B32*$B$5*$B$6 -> 729 | D32: =D31+C32 -> 23724 | E32: =C32/$I$4 -> 0.030416823 | F32: =D32/$I$4 -> 0.98986106
A33: 24 | B33: ='Histograma 720 dias'!AG31 -> 1.0125 | C33: =B33*$B$5*$B$6 -> 243 | D33: =D32+C33 -> 23967 | E33: =C33/$I$4 -> 0.010138941 | F33: =D33/$I$4 -> 1
A34: TOTAL | C34: =SUM(C10:C33) -> 23967 | D34: =D33 -> 23967 | E34: =SUM(E10:E33) -> 1 | F34: =F33 -> 1
A36: La Curva S está calculada con las horas-hombre programadas derivadas del histograma mensual. HH mensual = Personal equivalente/día × 30 días × 8 h/día. El % acumulado representa avance programado por consumo de HH; no es una valorización económica.
A39: Actualización incorporada: Excavación en roca fija = 187.50 m³/día por cuadrilla, 6 cuadrillas, capacidad efectiva total 1,125 m³/día, 101 días de ejecución desde 07/02/2027. La distribución mensual de HH fue prorrateada en 16, 30, 30 y 25 días activos.

Sheet Recalculo roca fija
A1: RECALCULO – EXCAVACIÓN EN ROCA FIJA (VOLUMEN 112,854.85 m³)
A3: ENTRADA | B3: VALOR | C3: UNIDAD | D3: OBSERVACIÓN | F3: CÁLCULO | G3: FÓRMULA / RESULTADO | H3: UNIDAD | I3: INTERPRETACIÓN
A4: Volumen total de excavación en roca fija | B4: 112854.85 | C4: m³ | D4: Dato proporcionado | F4: Duración con 1 cuadrilla a rendimiento programado | G4: =B4/B5 -> 451.4194 | H4: días | I4: Sin medidas de recuperación.
A5: Rendimiento programado por cuadrilla | B5: 250 | C5: m³/día | D5: Del Excel de rendimientos | F5: Rendimiento real estimado por cuadrilla | G5: =B5*B10 -> 187.5 | H5: m³/día | I5: Rendimiento por cuadrilla considerando pérdidas de productividad.
A6: Retraso de inicio | B6: 14 | C6: días | D6: 2 semanas | F6: Duración con 1 cuadrilla a eficiencia real | G6: =B4/G5 -> 601.89253 | H6: días | I6: Duración esperada si se mantiene una sola cuadrilla.
A7: Ventana programada original | B7: 120 | C7: días | D7: Mes 5 al Mes 8 | F7: Días efectivos disponibles tras el retraso | G7: =B7-B6 -> 106 | H7: días | I7: Ventana disponible para conservar la fecha fin original.
A8: HH base por cuadrilla/día | B8: 10 | C8: hh/día | D8: 1+3+2+4 de la matriz | F8: Rendimiento total requerido para no mover el fin | G8: =B4/G7 -> 1064.6684 | H8: m³/día | I8: Producción diaria necesaria para absorber volumen y retraso.
A9: Jornada de trabajo | B9: 8 | C9: h/día | D9: Base del proyecto | F9: Cuadrillas requeridas | G9: =ROUNDUP(G8/G5,0) -> 6 | H9: cuadrillas | I9: Redondeo hacia arriba para cumplir el plazo.
A10: Factor de eficiencia real usado | B10: 0.75 | C10: - | D10: Escenario conservador editable | F10: Capacidad diaria con cuadrillas requeridas | G10: =G9*G5 -> 1125 | H10: m³/día | I10: Capacidad diaria del plan de recuperación.
A11: Inicio planificado | B11: 46411 | C11: fecha | D11: Mes 5 | F11: Duración recalculada | G11: =ROUNDUP(B4/G10,0) -> 101 | H11: días | I11: Duración resultante con el número de cuadrillas calculado.
A12: Fin planificado | B12: 46530 | C12: fecha | D12: Fin Mes 8 | F12: Fecha real de inicio | G12: =B11+B6 -> 46425 | H12: fecha | I12: Inicio planificado + 14 días.
F13: Fecha recalculada de fin | G13: =G12+G11-1 -> 46525 | H13: fecha | I13: Fecha final del plan de recuperación.
F14: Holgura / atraso respecto al fin original | G14: =B12-G13 -> 5 | H14: días | I14: Valor positivo = termina antes; negativo = atraso.
F15: HH totales por día requeridas | G15: =G9*B8 -> 60 | H15: hh/día | I15: HH/día conforme a la matriz del Excel.
F16: Personal equivalente requerido (8 h/día) | G16: =G15/B9 -> 7.5 | H16: personas eq. | I16: Conversión de HH/día a jornada de 8 horas.
F17: Personal equivalente redondeado | G17: =ROUNDUP(G16,0) -> 8 | H17: personas | I17: Dotación mínima equivalente, redondeada.
A20: Escenario | B20: Eficiencia | C20: Rend. real/cuadrilla | D20: Cuadrillas req. | E20: Capacidad total | F20: Duración | G20: Fin estimado | H20: Personal eq. redondeado
A21: 85% eficiencia | B21: 0.85 | C21: =$B$5*B21 -> 212.5 | D21: =ROUNDUP(($B$4/($B$7-$B$6))/C21,0) -> 6 | E21: =C21*D21 -> 1275 | F21: =ROUNDUP($B$4/E21,0) -> 89 | G21: =$B$11+$B$6+F21-1 -> 46513 | H21: =ROUNDUP((D21*$B$8)/$B$9,0) -> 8
A22: 75% eficiencia | B22: 0.75 | C22: =$B$5*B22 -> 187.5 | D22: =ROUNDUP(($B$4/($B$7-$B$6))/C22,0) -> 6 | E22: =C22*D22 -> 1125 | F22: =ROUNDUP($B$4/E22,0) -> 101 | G22: =$B$11+$B$6+F22-1 -> 46525 | H22: =ROUNDUP((D22*$B$8)/$B$9,0) -> 8
A23: 65% eficiencia | B23: 0.65 | C23: =$B$5*B23 -> 162.5 | D23: =ROUNDUP(($B$4/($B$7-$B$6))/C23,0) -> 7 | E23: =C23*D23 -> 1137.5 | F23: =ROUNDUP($B$4/E23,0) -> 100 | G23: =$B$11+$B$6+F23-1 -> 46524 | H23: =ROUNDUP((D23*$B$8)/$B$9,0) -> 9
A26: CONDICIONES OBSERVADAS E IMPACTO EN EL PLAN
A27: Condición | B27: Impacto | C27: Medida incorporada / recomendada
A28: Inicio 2 semanas tarde | B28: Reduce la ventana de ejecución | C28: El cálculo usa 106 días efectivos para mantener el fin original.
A29: Productividad real menor | B29: Aumenta la duración | C29: Se aplica factor de eficiencia editable; escenario base 75%.
A30: Equipos esperando | B30: Pérdida de utilización | C30: Aumentar coordinación de frentes y balance de equipos/cuadrillas.
A31: Equipos no adecuados en algunas zonas | B31: Menor rendimiento | C31: Asignar equipo específico por tipo de roca y frente.
A32: Cambios frecuentes de frentes | B32: Interrupciones y traslados | C32: Congelar frentes semanales y programar secuencia de ataque.
A33: Verificaciones topográficas adicionales | B33: Tiempo no productivo | C33: Topografía debe preceder la liberación de cada frente.

Sheet Resumen actualizado
A1: RESUMEN DEL RECÁLCULO INCORPORADO AL PROYECTO
A3: Concepto | B3: Resultado | C3: Unidad | E3: Fecha | F3: Valor | G3: Comentario
A4: Volumen de roca fija | B4: 112854.85 | C4: m³ | E4: Inicio planificado | F4: 46411 | G4: Cronograma original
A5: Rendimiento original | B5: 250 | C5: m³/día/cuadrilla | E5: Inicio real | F5: 46425 | G5: 14 días después
A6: Factor de eficiencia | B6: 0.75 | E6: Fin planificado | F6: 46530 | G6: Fecha objetivo
A7: Rendimiento efectivo por cuadrilla | B7: 187.5 | C7: m³/día/cuadrilla | E7: Fin recalculado | F7: 46525 | G7: 5 días antes del fin objetivo
A8: Cuadrillas requeridas | B8: 6 | C8: cuadrillas
A9: Rendimiento total efectivo | B9: 1125 | C9: m³/día
A10: Duración recalculada | B10: 101 | C10: días
A11: Personal equivalente diario | B11: 7.5 | C11: personas eq.
A12: Personal equivalente redondeado | B12: 8 | C12: personas
